<?xml version="1.0" encoding="UTF-8"?>
<beans xmlns="http://www.springframework.org/schema/beans" 
	xmlns:xsi="http://www.w3.org/2001/XMLSchema-instance"
	xmlns:context="http://www.springframework.org/schema/context" 
	xmlns:jdbc="http://www.springframework.org/schema/jdbc"  
	xmlns:jee="http://www.springframework.org/schema/jee" 
	xmlns:tx="http://www.springframework.org/schema/tx"
	xmlns:aop="http://www.springframework.org/schema/aop" 
	xmlns:mvc="http://www.springframework.org/schema/mvc"
	xmlns:util="http://www.springframework.org/schema/util"
	xmlns:jpa="http://www.springframework.org/schema/data/jpa"
	xsi:schemaLocation="
		http://www.springframework.org/schema/beans http://www.springframework.org/schema/beans/spring-beans-3.2.xsd
		http://www.springframework.org/schema/context http://www.springframework.org/schema/context/spring-context-3.2.xsd
		http://www.springframework.org/schema/jdbc http://www.springframework.org/schema/jdbc/spring-jdbc-3.2.xsd
		http://www.springframework.org/schema/jee http://www.springframework.org/schema/jee/spring-jee-3.2.xsd
		http://www.springframework.org/schema/tx http://www.springframework.org/schema/tx/spring-tx-3.2.xsd
		http://www.springframework.org/schema/data/jpa http://www.springframework.org/schema/data/jpa/spring-jpa-1.3.xsd
		http://www.springframework.org/schema/aop http://www.springframework.org/schema/aop/spring-aop-3.2.xsd
		http://www.springframework.org/schema/mvc http://www.springframework.org/schema/mvc/spring-mvc-3.2.xsd
		http://www.springframework.org/schema/util http://www.springframework.org/schema/util/spring-util-3.2.xsd">
	
	<!-- 使用spring表达式读取其它bean的属性值 -->
	<bean id="t1" class="value.Teacher">
		<property name="name" 
		value="#{stu1.name}"/>
		<property name="interest"
		value="#{stu1.interest[0]}"/>
		<property name="score"
		value="#{stu1.score['英语']}"/>
		<property name="pageSize"
		value="#{config['pageSize']}"/>
	</bean>
	
	<!-- 注入基本类型的值 -->
	<bean id="stu1" class="value.Student">
		<property name="name" value="小花"/>
		<property name="age" value="22"/>
		<!-- 注入集合类型的值 -->
		<property name="interest">
			<list>
				<value>抽烟</value>
				<value>喝酒</value>
				<value>烫头</value>
				<value>烫头</value>
			</list>
		</property>
		<property name="city">
			<set>
				<value>金陵</value>
				<value>杭州</value>
				<value>西安</value>
			</set>
		</property>
		<property name="score">
			<map>
				<entry key="英语" value="80"/>
				<entry key="math" value="60"/>
			</map>
		</property>
		<property name="db">
			<props>
				<prop key="username">Sally</prop>
				<prop key="password">1234</prop>
			</props>
		</property>
	</bean>
	
	<!-- 将集合类型的值配置成一个bean -->
	<util:list id="interestBean">
		<value>钓鱼</value>
		<value>做菜</value>
		<value>看电视</value>
	</util:list>
	<util:set id="cityBean">
		<value>长沙</value>
		<value>岳阳</value>
		<value>华容</value>
	</util:set>
	<util:map id="scoreBean">
		<entry key="english" value="70"/>
		<entry key="math" value="90"/>
	</util:map>
	<util:properties id="dbBean">
		<prop key="username">Tom</prop>
		<prop key="password">1234</prop>
	</util:properties>
	<!-- 以引用的方式注入集合类型的值 -->
	<bean id="stu2" class="value.Student">
		<property name="interest"
		 ref="interestBean"/>
		<property name="city"
		ref="cityBean"/>
		<property name="score"
		ref="scoreBean"/>
		<property name="db"
		ref="dbBean"/>
	</bean>
	
	<!-- 读取属性文件(.properties)的内容 -->
	<!-- 
		location:指定要读取的属性文件的位置及
		文件名。
		注: 
			classpath:表示依据类路径去查找。
		容器依据路径读取属性文件的内容，并且
		将这些内容存放到Properties对象上。
	 -->
	<util:properties id="config" 
	location="classpath:config.properties"/>
	
	<util:properties id="db" 
	location="classpath:db.properties"/>
	
	<!-- 配置连接池 -->
	<bean id="ds" 
	class="org.apache.commons.dbcp.BasicDataSource"
	destroy-method="close">
		<property name="driverClassName"
		value="#{db.driver}"/>
		<property name="url"
		value="#{db.url}"/>
		<property name="username"
		value="#{db.user}"/>
		<property name="password"
		value="#{db.pwd}"/>
		<property name="initialSize"
		value="#{db.initsize}"/>
	</bean>
	
	
	
	
</beans>

