<?xml version="1.0" encoding="UTF-8" ?>  
<!DOCTYPE mapper PUBLIC "-//ibatis.apache.org//DTD Mapper 3.0//EN"      
 "http://ibatis.apache.org/dtd/ibatis-3-mapper.dtd">

<mapper namespace="dao.EmployeeDAO">
	<!-- 
		id:要求唯一，可以称之为sqlId。
		parameterType: 参数类型，
			要写类的完整的名字。
	 -->
	<insert id="save" 
		parameterType="entity.Employee">
		INSERT INTO t_emp 
		VALUES(t_emp_seq.nextval,
		#{name},#{salary},#{age})
	</insert>
	
	<!-- 
		resultType:返回类型。
	 -->
	<select id="findAll" 
		resultType="entity.Employee">
		SELECT * FROM t_emp
	</select>
	
	<select id="findById" 
		parameterType="int" 
		resultType="entity.Employee">
		SELECT * FROM t_emp 
		WHERE id = #{id1}
	</select>
	
	<update id="modify" 
		parameterType="entity.Employee">
		UPDATE t_emp SET name = #{name},
		salary = #{salary},age = #{age}
		WHERE id = #{id}
	</update>
	
	<delete id="delete" 
		parameterType="int">
		DELETE FROM t_emp WHERE id = #{id1}
	</delete>
	
	<!-- 返回Map类型的结果 -->
	<!-- 
		map是java.util.Map的简写形式。
		string是java.lang.String的简写形式。
	 -->
	<select id="findById2" 
		parameterType="int"
		resultType="map">
		SELECT * FROM t_emp
		WHERE id = #{id1}
	</select>
	
	<!--
		告诉mybatis,实体类的属性名与
		表的字段名的对应关系。
		注：只需要将不一致的列出来。 
	 -->
	<resultMap type="entity.Emp" 
		id="empResultMap">
		<result property="empId" column="id"/>
		<result property="ename" column="name"/>
	</resultMap>
	<select id="findById3"
		parameterType="int"
		resultMap="empResultMap">
		SELECT * FROM t_emp
		WHERE id = #{id1}
	</select>
	
	
	
	
	
	
</mapper>